"sample_size","Power"
10,4.16666666666667
20,18.2275931520645
40,34.6
80,64.4
90,70.9
100,73.8
110,78.6
115,79.5
120,81.4
125,84.3
